{
  "name": "Dashboard",
  "version": "1.0.0",
  "description": "Dashboard",
  "main": "",
  "scripts": {
    "install": "bower install",
    "start": "node ./node_modules/gulp/bin/gulp connect"
  },
  "keywords": [
    "Dashboard",
    "angular"
  ],
  "author": "Karthik Devaraj",
  "dependencies": {
    "angular": "1.5.5",
    "chart.js": "^2.1.4"
  },
  "devDependencies": {
    "amd-optimize": "=0.6.0",
    "amdefine": "=1.0.0",
    "angular-mocks": "1.5.5",
    "angular-bootstrap": "^0.12.2",
    "autoprefixer": "=6.0.2",
    "bower": "1.7.9",
    "browserify": "^13.0.0",
    "coffee-script": "=1.10.0",
    "csswring": "=4.0.0",
    "es6-promise": "=3.0.2",
    "event-stream": "=3.3.1",
    "gulp": "^3.9.1",
    "gulp-concat": "=2.6.0",
    "gulp-connect": "^4.0.0",
    "gulp-css-globbing": "=0.1.8",
    "gulp-eslint": "=1.0.0",
    "gulp-insert": "=0.5.0",
    "gulp-karma": "=0.0.4",
    "gulp-livereload": "=3.8.0",
    "gulp-ng-annotate": "=1.1.0",
    "gulp-plumber": "=1.0.1",
    "gulp-postcss": "=6.0.0",
    "gulp-protractor": "=1.0.0",
    "gulp-requirejs": "0.1.3",
    "gulp-sass": "2.2.0",
    "gulp-uglify": "=1.4.0",
    "gulp-util": "=3.0.6",
    "jasmine": "^2.4.1",
    "jasmine-core": "2.4.1",
    "karma": "=0.13.9",
    "karma-chrome-launcher": "=0.2.0",
    "karma-coffee-preprocessor": "=0.3.0",
    "karma-coverage": "=0.5.1",
    "karma-firefox-launcher": "=0.1.6",
    "karma-jasmine": "=0.3.6",
    "karma-junit-reporter": "^1.0.0",
    "karma-phantomjs-launcher": "=0.2.1",
    "karma-requirejs": "^1.0.0",
    "karma-script-launcher": "=0.1.0",
    "postcss-assets": "=3.0.3",
    "postcss-import": "=7.0.0",
    "protractor": "=2.2.0",
    "vinyl-source-stream": "^1.1.0"
  },
  "engines": {
    "node": "~0.10.x"
  }
}
